{
  "intent-type" : "oamtest",
  "version" : "1",
  "mapping-engine" : "js-scripted",
  "label" : [ "ApprovedMisalignments", "SReXperts2024" ],
  "priority" : "50",
  "target-component" : [ {
    "name" : "testId",
    "order" : "1",
    "value-type" : "NUMBER",
    "i18n-text" : "Test Id"
  } ],
  "supported-hardware-types" : [ ],
  "parent-instance-intent-type" : [ ],
  "category" : [ ],
  "instance-depends-on-category" : [ ],
  "resourceDirectory" : "intent-type-resources",
  "lifecycle-state" : "released",
  "live-state-retrieval" : "true",
  "support-nested-type-in-es" : "false",
  "author" : "Nokia",
  "date" : "-",
  "build" : "-",
  "custom-field" : { },
  "supports-network-state-suspend" : "true",
  "return-config-as-json" : "true",
  "supports-health" : "always",
  "notify-intent-instance-events" : "false",
  "skip-device-connectivity-check" : "false",
  "support-aggregated-request" : "false"
}