[
  {
    "type": "SR",
    "version": "19",
    "serviceRoot": "https://restconf-gateway:443/restconf/data/nsp-network:network/node=${deviceName}/node-root/nokia-conf:/configure/service?client-context=ibsf:${intentType}:${intentVersion}:${target}",
    "fetchUrl": "restconf/data/network-device-mgr:network-devices/network-device=${deviceName}/root/nokia-conf:/configure/service/epipe=${target}",
    "deviceMapper": "srDeviceMapper",
    "auditQueryParams": "directOnNE&with-defaults=report-all"
  },
  {
    "type": "SR",
    "version": "20",
    "serviceRoot": "https://restconf-gateway:443/restconf/data/nsp-network:network/node=${deviceName}/node-root/nokia-conf:/configure/service?client-context=ibsf:${intentType}:${intentVersion}:${target}",
    "fetchUrl": "restconf/data/network-device-mgr:network-devices/network-device=${deviceName}/root/nokia-conf:/configure/service/epipe=${target}",
    "deviceMapper": "srDeviceMapper",
    "auditQueryParams": "directOnNE&with-defaults=report-all"
  },
  {
    "type": "SR",
    "serviceRoot": "https://restconf-gateway:443/restconf/data/nsp-network:network/node=${deviceName}/node-root/nokia-conf:/configure/service?client-context=ibsf:${intentType}:${intentVersion}:${target}",
    "fetchUrl": "restconf/data/network-device-mgr:network-devices/network-device=${deviceName}/root/nokia-conf:/configure/service/epipe=${target}",
    "deviceMapper": "srDeviceMapper212",
    "auditQueryParams": "directOnNE&with-defaults=report-all"
  },
  {
    "type": "XRS-",
    "version": "19",
    "serviceRoot": "https://restconf-gateway:443/restconf/data/nsp-network:network/node=${deviceName}/node-root/nokia-conf:/configure/service?client-context=ibsf:${intentType}:${intentVersion}:${target}",
    "fetchUrl": "restconf/data/network-device-mgr:network-devices/network-device=${deviceName}/root/nokia-conf:/configure/service/epipe=${target}",
    "deviceMapper": "srDeviceMapper",
    "auditQueryParams": "directOnNE&with-defaults=report-all"
  },
  {
    "type": "XRS-",
    "version": "20",
    "serviceRoot": "https://restconf-gateway:443/restconf/data/nsp-network:network/node=${deviceName}/node-root/nokia-conf:/configure/service?client-context=ibsf:${intentType}:${intentVersion}:${target}",
    "fetchUrl": "restconf/data/network-device-mgr:network-devices/network-device=${deviceName}/root/nokia-conf:/configure/service/epipe=${target}",
    "deviceMapper": "srDeviceMapper",
    "auditQueryParams": "directOnNE&with-defaults=report-all"
  },
  {
    "type": "XRS-",
    "serviceRoot": "https://restconf-gateway:443/restconf/data/nsp-network:network/node=${deviceName}/node-root/nokia-conf:/configure/service?client-context=ibsf:${intentType}:${intentVersion}:${target}",
    "fetchUrl": "restconf/data/network-device-mgr:network-devices/network-device=${deviceName}/root/nokia-conf:/configure/service/epipe=${target}",
    "deviceMapper": "srDeviceMapper212",
    "auditQueryParams": "directOnNE&with-defaults=report-all"
  },
  {
    "type": "IXR",
    "version": "19",
    "serviceRoot": "https://restconf-gateway:443/restconf/data/nsp-network:network/node=${deviceName}/node-root/nokia-conf:/configure/service?client-context=ibsf:${intentType}:${intentVersion}:${target}",
    "fetchUrl": "restconf/data/network-device-mgr:network-devices/network-device=${deviceName}/root/nokia-conf:/configure/service/epipe=${target}",
    "deviceMapper": "ixrDeviceMapper",
    "auditQueryParams": "directOnNE&with-defaults=report-all"
  },
  {
    "type": "IXR",
    "version": "20",
    "serviceRoot": "https://restconf-gateway:443/restconf/data/nsp-network:network/node=${deviceName}/node-root/nokia-conf:/configure/service?client-context=ibsf:${intentType}:${intentVersion}:${target}",
    "fetchUrl": "restconf/data/network-device-mgr:network-devices/network-device=${deviceName}/root/nokia-conf:/configure/service/epipe=${target}",
    "deviceMapper": "ixrDeviceMapper",
    "auditQueryParams": "directOnNE&with-defaults=report-all"
  },
  {
    "type": "IXR",
    "serviceRoot": "https://restconf-gateway:443/restconf/data/nsp-network:network/node=${deviceName}/node-root/nokia-conf:/configure/service?client-context=ibsf:${intentType}:${intentVersion}:${target}",
    "fetchUrl": "restconf/data/network-device-mgr:network-devices/network-device=${deviceName}/root/nokia-conf:/configure/service/epipe=${target}",
    "deviceMapper": "ixrDeviceMapper212"
  },
  {
    "type": "ESS",
    "version": "19",
    "serviceRoot": "https://restconf-gateway:443/restconf/data/nsp-network:network/node=${deviceName}/node-root/nokia-conf:/configure/service?client-context=ibsf:${intentType}:${intentVersion}:${target}",
    "fetchUrl": "restconf/data/network-device-mgr:network-devices/network-device=${deviceName}/root/nokia-conf:/configure/service/epipe=${target}",
    "deviceMapper": "srDeviceMapper",
    "auditQueryParams": "directOnNE&with-defaults=report-all"
  },
  {
    "type": "ESS",
    "version": "20",
    "serviceRoot": "https://restconf-gateway:443/restconf/data/nsp-network:network/node=${deviceName}/node-root/nokia-conf:/configure/service?client-context=ibsf:${intentType}:${intentVersion}:${target}",
    "fetchUrl": "restconf/data/network-device-mgr:network-devices/network-device=${deviceName}/root/nokia-conf:/configure/service/epipe=${target}",
    "deviceMapper": "srDeviceMapper",
    "auditQueryParams": "directOnNE&with-defaults=report-all"
  },
  {
    "type": "ESS",
    "serviceRoot": "https://restconf-gateway:443/restconf/data/nsp-network:network/node=${deviceName}/node-root/nokia-conf:/configure/service?client-context=ibsf:${intentType}:${intentVersion}:${target}",
    "fetchUrl": "restconf/data/network-device-mgr:network-devices/network-device=${deviceName}/root/nokia-conf:/configure/service/epipe=${target}",
    "deviceMapper": "srDeviceMapper212",
    "auditQueryParams": "directOnNE&with-defaults=report-all"
  }
]
