{
  "meta-data-header": {
    "version": "1.0.1",
    "buildNumber": "1",
    "formatVersion": "1.0",
    "createdBy": "SREXPERTS",
    "creationDate": "Tue, 03 Sep 2024 10:00:00 UTC",
    "title": "Operation Manager Snapshot/Rollback NE Config",
    "description": "take device snapshot and rollback"
  },
  "artifact-meta-data": [
    {
      "name": "operation-rollback-groupxx",
      "version": "1.0.1",
      "targetApplication": "lsom-server-app",
      "applicationCompatibility": "23.11+",
      "artifact-content": [
        {
          "fileName": "ne-rollback-groupxx.yaml",
          "path": "operation-rollback",
          "type": "application/octet-stream"
        },
        {
          "fileName": "ne-rollback-groupxx.yang",
          "path": "operation-rollback",
          "type": "application/octet-stream"
        },
        {
          "fileName": "operation_types.json",
          "path": "operation-rollback",
          "type": "application/octet-stream"
        }
      ]
    },
    {
      "name": "operation-snapshot-groupxx",
      "version": "1.0.1",
      "targetApplication": "lsom-server-app",
      "applicationCompatibility": "23.11+",
      "artifact-content": [
        {
          "fileName": "ne-snapshot-groupxx.yaml",
          "path": "operation-snapshot",
          "type": "application/octet-stream"
        },
        {
          "fileName": "ne-snapshot-groupxx.yang",
          "path": "operation-snapshot",
          "type": "application/octet-stream"
        },
        {
          "fileName": "operation_types.json",
          "path": "operation-snapshot",
          "type": "application/octet-stream"
        }
      ]
    },
    {
      "name": "workflow-rollback-groupxx",
      "version": "1.0.1",
      "targetApplication": "workflow-manager",
      "applicationCompatibility": "23.11+",
      "artifact-content": [
        {
          "fileName": "ne-rollback-groupxx.yaml",
          "path": "workflow-rollback",
          "type": "application/octet-stream"
        },
        {
          "fileName": "README.md",
          "path": "workflow-rollback",
          "type": "application/octet-stream"
        }
      ]
    },
    {
      "name": "workflow-snapshot-groupxx",
      "version": "1.0.1",
      "targetApplication": "workflow-manager",
      "applicationCompatibility": "23.11+",
      "artifact-content": [
        {
          "fileName": "ne-snapshot-groupxx.yaml",
          "path": "workflow-snapshot",
          "type": "application/octet-stream"
        },
        {
          "fileName": "ne-snapshot-groupxx.json",
          "path": "workflow-snapshot",
          "type": "application/octet-stream"
        },
        {
          "fileName": "README.md",
          "path": "workflow-snapshot",
          "type": "application/octet-stream"
        }
      ]
    }
  ]
}