{
  "intent-type" : "evpn-epipe",
  "version" : "3",
  "mapping-engine" : "js-scripted",
  "label" : [ "ApprovedMisalignments", "ServiceFulfillment" ],
  "priority" : "5",
  "target-component" : [ {
    "name" : "service-name",
    "order" : "1",
    "length" : "1..64",
    "pattern" : "[^\\;]+",
    "value-type" : "STRING",
    "i18n-text" : "Service Name"
  } ],
  "parent-instance-intent-type" : [ ],
  "category" : [ ],
  "instance-depends-on-category" : [ ],
  "resourceDirectory" : "intent-type-resources",
  "lifecycle-state" : "released",
  "live-state-retrieval" : "true",
  "support-nested-type-in-es" : "false",
  "author" : "Nokia",
  "date" : "2025-05-15 17:38:52",
  "build" : "-",
  "custom-field" : { },
  "supports-network-state-suspend" : "true",
  "return-config-as-json" : "true",
  "supports-health" : "never",
  "supports-asynchronous-operations" : "false",
  "migration-support" : [ {
    "supported-version" : 1
  }, {
    "supported-version" : 2
  } ],
  "notify-intent-instance-events" : "false",
  "skip-device-connectivity-check" : "false",
  "support-aggregated-request" : "false"
}